geography,condition,year,ed_visits,ed_visits_per_100k,admissions,admissions_per_100k,avg_cost_per_admission,total_cost,avoidability_pct,avoidable_admissions,avoidable_cost,effective_physician_capacity_fte,num_specialties_involved,care_gap_score,specialist_wait_weeks_ontario,specialist_wait_weeks_canada,total_wait_weeks_canada,primary_specialty,wait_time_change_1993_2025_pct,wait_time_confidence,wait_time_data_source
Ontario,Pneumonia,2024,220000,1447.3684210526317,1154,7.592105263157896,16785,19369890,0.3,346.2,5810967.0,4050.080000000001,4,54.604847311658034,10.7,12.1,21.2,Internal Medicine,313.0,Medium,Fraser Institute 2025 - Internal Medicine
Ontario,Mental Health,2024,500000,3289.4736842105262,2500,16.44736842105263,12000,30000000,0.25,625.0,7500000.0,4175.72,3,120.33852844539383,,,,Psychiatry,,None,Not available in Fraser Institute 2025
Ontario,Chronic Kidney Disease,2024,80000,526.3157894736842,800,5.2631578947368425,18500,14800000,0.35,280.0,5180000.0,2542.92,4,31.77449546190993,10.7,12.1,21.2,Internal Medicine,313.0,High,Fraser Institute 2025 - Internal Medicine
Ontario,Heart Failure,2024,120000,789.4736842105264,386,2.539473684210526,17200,6639200,0.4,154.4,2655680.0,2298.4,4,52.37817612252001,10.7,12.1,21.2,Internal Medicine,313.0,High,Fraser Institute 2025 - Internal Medicine
Ontario,COPD,2024,150000,986.8421052631578,760,5.0,15800,12008000,0.45,342.0,5403600.0,3506.52,4,42.99419367349965,10.7,12.1,21.2,Internal Medicine,313.0,High,Fraser Institute 2025 - Internal Medicine
Ontario,Type 2 Diabetes,2024,180000,1184.2105263157896,344,2.263157894736842,14200,4884800,0.38,130.72,1856224.0,5647.36,3,31.93421350861288,10.7,12.1,21.2,Internal Medicine,313.0,High,Fraser Institute 2025 - Internal Medicine
Ontario,Hypertension,2024,100000,657.8947368421052,200,1.3157894736842106,11500,2300000,0.42,84.0,966000.0,7031.080000000001,3,14.251011224449158,10.7,12.1,21.2,Internal Medicine,313.0,High,Fraser Institute 2025 - Internal Medicine
Ontario,Stroke,2024,90000,592.1052631578948,500,3.289473684210526,22000,11000000,0.28,140.0,3080000.0,1817.0,5,49.80737479361585,10.7,10.1,49.9,Neurology,313.0,Medium,Fraser Institute 2025 - Neurosurgery (proxy)
